{"cameraMode":{"drawMode":2,"name":"Shaded Wireframe","section":"Shading Mode"},"sceneLighting":true,"audioPlay":false,"sceneViewState":{"m_AlwaysRefresh":false,"showFog":true,"showSkybox":true,"showFlares":true,"showImageEffects":true,"showParticleSystems":true,"showVisualEffectGraphs":true,"m_FxEnabled":true},"in2DMode":false,"pivot":{"x":2.9512441158294679,"y":2.0579872131347658,"z":-11.663201332092286},"rotation":{"x":-0.00004583441113936715,"y":-0.9971967339515686,"z":0.07493036240339279,"w":-0.0005995799438096583},"size":8.783225059509278,"orthographic":false}