{"cameraMode":{"drawMode":2,"name":"Shaded Wireframe","section":"Shading Mode"},"sceneLighting":true,"audioPlay":false,"sceneViewState":{"m_AlwaysRefresh":false,"showFog":true,"showSkybox":true,"showFlares":true,"showImageEffects":true,"showParticleSystems":true,"showVisualEffectGraphs":true,"m_FxEnabled":true},"in2DMode":false,"pivot":{"x":1.486999273300171,"y":-0.21982741355895997,"z":0.23496630787849427},"rotation":{"x":-0.0006423589657060802,"y":0.9995971322059631,"z":-0.022494032979011537,"w":-0.025090696290135385},"size":7.38445520401001,"orthographic":false}